Sport,Sex,Count
Alpine Skiing,M,6322
Archery,F,1883
Art Competitions,M,16
Athletics,M,32374
Badminton,M,1362
Baseball,M,846
Basketball,M,3668
Beach Volleyball,M,538
Biathlon,F,4615
Bobsleigh,M,2205
Boxing,M,4363
Canoeing,M,5550
Cross Country Skiing,M,7529
Curling,M,410
Cycling,F,7773
Diving,M,2011
Equestrianism,M,4553
Fencing,M,6537
Figure Skating,M,1512
Football,F,4443
Freestyle Skiing,M,913
Golf,M,108
Gymnastics,M,18271
Handball,M,3319
Hockey,M,4264
Ice Hockey,M,4579
Judo,M,3366
Lacrosse,M,2
Luge,F,1377
Modern Pentathlon,M,1259
Motorboating,M,1
Nordic Combined,M,1065
Rhythmic Gymnastics,F,615
Rowing,M,7790
Rugby,M,30
Rugby Sevens,F,297
Sailing,F,4863
Shooting,M,7260
Short Track Speed Skating,M,1488
Skeleton,M,174
Ski Jumping,M,1966
Snowboarding,M,924
Softball,F,441
Speed Skating,F,4400
Swimming,M,18776
Synchronized Swimming,F,849
Table Tennis,F,1789
Taekwondo,M,596
Tennis,M,2008
Trampolining,M,149
Triathlon,F,526
Tug-Of-War,M,20
Volleyball,M,3277
Water Polo,M,2719
Weightlifting,F,2974
Wrestling,M,5186
