continent,weight_class,mean_efficiency
Asia,Heavyweight,0.03941290769369748
Asia,Middleweight,0.03854454937118503
Europe,Lightweight,0.038504918289132814
Asia,Lightweight,0.03768375953071487
Americas,Middleweight,0.037141793481435564
Europe,Middleweight,0.03660137652652756
Africa,Middleweight,0.03599777524037944
Africa,Lightweight,0.03562153700655648
Americas,Heavyweight,0.03553786283421411
Americas,Lightweight,0.03504841088772307
Africa,Heavyweight,0.03416635978284806
Europe,Heavyweight,0.03219343613488861
